title,author,description,inventory
"Life in the Clouds","Alice Writer","A thrilling tale of adventure in the skies.",10
"Journey Through Time","Bob Explorer","An exploration of past, present, and future.",15
"Under the Sea","Cathy Diver","Discovering the wonders beneath the waves.",9
"Starlit Nights","David Astronomer","Observing constellations and cosmic events.",12
"Whispering Winds","Eva Ranger","A serene story of forests and fresh breezes.",7
"Desert Dreams","Frank Nomad","Surviving blazing suns and shifting sands.",5
"Mountain Echoes","Grace Climber","Tales of scaling towering peaks.",11
"Hidden Caves","Hank Spelunker","Venturing into the depths of the unknown.",4
"River Tales","Ivy Sailor","Navigating waters with hidden treasures.",8
"Frozen Tundra","Jack Frost","Battling the chill of Arctic landscapes.",6
"City Vibes","Kelly Urbanist","Experiences in a buzzing metropolitan area.",14
"Countryside Bliss","Liam Farmer","Embracing the quiet charm of rural life.",10
"Lost in Pages","Mia Reader","A heartfelt exploration of literary escape.",3
"Garden of Secrets","Noah Botanist","Growing rare plants with magical properties.",2
"Rising Phoenix","Olivia Myth","Legends woven around a fiery bird's rebirth.",9
"Roaring Wheels","Paul Driver","High-speed journeys on endless highways.",8
"Island Getaway","Quincy Traveler","Escaping to a tranquil paradise.",6
"Spaceship Chronicles","Rita Pilot","Voyages beyond Earth's atmosphere.",9
"Sunset Serenade","Sam Musician","An evening of melodies and golden skies.",7
"Baked Delights","Tina Chef","Tempting treats fresh out of the oven.",5